AACombo,Fitness
LFWT,0
LYMD,0
RLIP,0
RSNG,0
DAWC,0
TWKH,0
TVDL,0.000212293
YETL,0.001487938
KFDN,0
FYQG,0
TFDS,0
EIAR,0
WDTA,0
SSQQ,0.045811121
GFSV,0.011139924
WFRW,0
AYFN,0.000129384
HTLR,2.60E-05
GNCF,0.051640763
FAVM,0.041769706
HWTM,0
QAGH,0.013423442
WYKQ,0
PLSI,0.002055112
PPVC,0
VCLV,0.097305259
SDQT,0
LDRN,0
DSYP,0
SNWA,0.000338824
IRNC,0
HQGV,0.007648588
INPT,0
LWRR,0
KVQV,0
KYIG,0
VYKI,0
EEAT,0
NWRS,0.008620504
PRSW,0
AFGA,0.000109511
RKKP,0
KYKF,0
PTYV,0
VNMG,0.000307236
VCCY,0.000112991
PYNM,0
KCPI,0
FRMM,0
QTPY,0
ECHN,0
SHPQ,0
MNRM,0
TESC,0.099645416
QAVM,0.000177852
VPRL,0
FEEC,0
MGMM,0.281580864
EGSP,0
SKTH,0.000182493
DTGL,4.27E-05
FSIR,3.65E-05
NPPV,0
QRAQ,0
SSHP,1.62E-05
PLFH,0
KQFD,0
KSVI,0
FEKS,0
LNCG,0.002432065
DKAD,0
YDLT,0.000759628
VGLY,0.003407687
LVWA,0
LYLA,3.74E-05
GNNE,0.000474347
ERHI,0
QSQI,0.000411095
EYSP,0
ELWK,0
AQCC,0.243804094
QSWQ,0.251583096
FMHT,0
WMWV,0
STEV,0.000177927
EFTV,0
YMKT,0
DYAS,0
ICPD,0
WLTF,0.000134312
GCHL,0.000628507
TGCN,0.316000641
KIQQ,0
YQHL,3.22E-05
HREN,0
QKDS,0
NSWQ,0
VGMM,8.267846667
FGMM,18.140795
SGCN,11.45271167
FGCM,2.777005
FGFM,0.04153
PGCN,0
NGCN,0.021125
GGCN,0.539583333
AGCN,0.292193333
ESWQ,0
VSWQ,0.829661667
LSWQ,4.56066375
ISWQ,0.023176667
AGMM,5.09474
TGMM,15.98265667
CGFN,0
MSWQ,14.462385
GQCC,0.14623
TQCC,64.95489
VGCN,0.0464525
MGCN,5.798115
DGCN,0
LGCN,0.04411
GGMM,0.12673
IGCN,0.019015
EGCN,0
EGMM,0
DSWQ,0
FGCN,0.090825
YSWQ,0.011296667
FSWQ,0.027526667
DGMM,0
YGCN,0.219345
AESC,32.10050333
DGCM,0
EGCM,0
ANCF,6.305055
TCLV,9.443183636
IGLY,0.069015
LGLY,0.022701111
FGDN,0
VGSP,0
NSQQ,0
TSQQ,4.715436
DGLY,0.007048333
VQCC,0
CSVI,0
IGSP,0
GCLV,14.49072818
CSCP,0
ICLV,18.80779833
APVC,0
TNCF,0.139405
GAVM,0.035206667
ASQQ,4.988445
MCLV,9.350828333
FSCQ,7.106746667
GSVI,4.907748
DSCQ,0
DGSP,0.004584
SAVM,4.21985
FAWC,0.01311
ESCQ,0
SNCF,4.81942
ISIR,0.000821111
PSQQ,0.007046667
RGSP,0
DSIR,0
NCLV,1.124023333
KGSP,0.002385
SCLV,9.818617778
TNCG,0.145535
ACCY,19.57555
DACM,0
FCLV,7.030933333
PESC,0
ESQQ,0
DSQQ,0.007926667
PCLV,0.002121111
FQCC,0.05941
KSQQ,0
DQCC,0
GTLR,0.0174572
VESC,5.054773333
DCLV,0.042388333
TCCY,9.748245
DECC,0
CTGL,0
DAVM,0
IPVC,0
YAWC,0
LNCF,0.15553
INCF,2.89143
ASHP,0.001416667
CSYP,0
TECC,30.04881
TCCV,8.1661675
SCCV,8.63653
AECC,16.34878
TCAV,13.383505
TCTV,12.618506
MCCV,0.155635
SCVV,4.844549091
GCCV,0.096635
SCIV,1.119028333
SACM,9.072988333
TCFV,0.052863333
TGCM,16.27543
SCFV,0.052835
ICCV,0.032275
TSCQ,21.26562167
TQFC,8.497565
TCGY,20.32561
ACFY,0.15208
SAAM,7.52749
GCFV,0.04224
AGAM,5.14332
TCFY,0.049615
AGTM,16.2186175
AGCM,13.64076
MCFV,3.99425
GCCL,4.467153333
SATM,7.499952727
SSCQ,13.41158667
FCCV,0.073225
TGLM,26.92038
AEFC,6.699885
STCV,6.120269091
SDCT,4.803936667
AQFC,0.051695
ASCQ,4.023242
MSCQ,1.667136667
ICAV,0.0275225
ICSV,0.898421667
TGFM,6.753575
ICTV,0.0504675
TVCL,1.673945833
APCC,0.03457
MSMQ,5.88638
MSAQ,9.845113333
TNFF,0.057695
GSCI,10.764825
MGCM,4.898295
MNCM,0.09505
ANTF,4.956656667
AGFM,2.21786
GACM,12.20456
TSFQ,6.929981667
GGCM,9.149866667
MNGM,7.794185
ICFV,0.01201
SNFF,0.02902
ANFF,0.017285
SSLQ,14.53936154
GSII,5.86432
SCWV,0.1035
VCCV,0.1023925
ICIV,0.07109
FCFV,0.010085
GSFI,0.06076
ASFQ,1.80401
MGLM,6.136535
MSFQ,7.784163333
MGFM,9.14314
MSLQ,10.03130222
FACM,6.17736
SGFN,0.051113333
VCFV,0.01017
STWV,0.103457143
CSFI,0
CTCL,0.139405
GNFE,0
TGDM,0.23235
VGCM,0.915815
VEAC,0.99012
AGDM,0
MGFN,11.568065
VECC,0.34399
TNFG,0.010315
FECC,22.60753
TGEM,0.11406
GFCV,0
MGLN,0.111058333
TFCS,1.977805
VQGC,0
MSDQ,0.023766667
SNCA,16.797105
GFAV,0
FEGC,0
ASDQ,0
TWCH,0.03621
